Line#;Date;;Rain (S-RGF 21246400:21256003-1), mm, PATFA1 (INIAP);Temperature (S-THC 21246400:21262596-1), *C, PATFA1 (INIAP);RH (S-THC 21246400:21262596-2), %, PATFA1 (INIAP);Dew Point (S-THC 21246400:21262596-3), *C.1, PATFA1 (INIAP);Wind Speed (S-WSB 21246400:21262656-1), m/s, PATFA1 (INIAP);Gust Speed (S-WSB 21246400:21262656-2), m/s.1, PATFA1 (INIAP);Wind Direction (S-WDA 21246400:21268488-1), *, PATFA1 (INIAP);#;PLANTA;FRUTO;INCIDENCIA;SEVERIDAD (%),Line#;Date;Rain (S-RGF 21246400:21256003-1)
634;08/15/22 00:10:00;;0;25,60115972;80,95736458;21,54459028;0,039930556;0,626736111;188,5104167;1;PL001;1;0;0,,,,,,,,,
635;08/15/22 00:15:00;;0;25,60115972;80,95736458;21,54459028;0,039930556;0,626736111;188,5104167;2;PL001;2;0;0,,,,,,,,,
636;08/15/22 00:20:00;;0;25,60115972;80,95736458;21,54459028;0,039930556;0,626736111;188,5104167;3;PL001;3;0;0,,,,,,,,,
637;08/15/22 00:25:00;;0;25,60115972;80,95736458;21,54459028;0,039930556;0,626736111;188,5104167;4;PL001;4;0;0,,,,,,,,,
638;08/15/22 00:30:00;;0;25,60115972;80,95736458;21,54459028;0,039930556;0,626736111;188,5104167;5;PL001;5;0;0,,,,,,,,,
639;08/15/22 00:35:00;;0;25,60115972;80,95736458;21,54459028;0,039930556;0,626736111;188,5104167;6;PL001;6;0;0,,,,,,,,,
640;08/15/22 00:40:00;;0;25,60115972;80,95736458;21,54459028;0,039930556;0,626736111;188,5104167;7;PL001;7;0;0,,,,,,,,,
641;08/15/22 00:45:00;;0;25,60115972;80,95736458;21,54459028;0,039930556;0,626736111;188,5104167;8;PL001;8;0;0,,,,,,,,,
642;08/15/22 00:50:00;;0;25,60115972;80,95736458;21,54459028;0,039930556;0,626736111;188,5104167;9;PL001;9;0;0,,,,,,,,,
643;08/15/22 00:55:00;;0;25,60115972;80,95736458;21,54459028;0,039930556;0,626736111;188,5104167;10;PL001;10;0;0,,,,,,,,,
644;08/15/22 01:00:00;;0;25,60115972;80,95736458;21,54459028;0,039930556;0,626736111;188,5104167;11;PL002;1;0;0,,,,,,,,,
645;08/15/22 01:05:00;;0;25,60115972;80,95736458;21,54459028;0,039930556;0,626736111;188,5104167;12;PL002;2;1;45,,,,,,,,,
646;08/15/22 01:10:00;;0;25,60115972;80,95736458;21,54459028;0,039930556;0,626736111;188,5104167;13;PL002;3;0;0,,,,,,,,,
647;08/15/22 01:15:00;;0;25,60115972;80,95736458;21,54459028;0,039930556;0,626736111;188,5104167;14;PL002;4;0;0,,,,,,,,,
648;08/15/22 01:20:00;;0;25,60115972;80,95736458;21,54459028;0,039930556;0,626736111;188,5104167;15;PL002;5;1;40,,,,,,,,,
649;08/15/22 01:25:00;;0;25,60115972;80,95736458;21,54459028;0,039930556;0,626736111;188,5104167;16;PL002;6;1;75,,,,,,,,,
650;08/15/22 01:30:00;;0;25,60115972;80,95736458;21,54459028;0,039930556;0,626736111;188,5104167;17;PL002;7;0;0,,,,,,,,,
651;08/15/22 01:35:00;;0;25,60115972;80,95736458;21,54459028;0,039930556;0,626736111;188,5104167;18;PL002;8;0;0,,,,,,,,,
652;08/15/22 01:40:00;;0;25,60115972;80,95736458;21,54459028;0,039930556;0,626736111;188,5104167;19;PL002;9;0;0,,,,,,,,,
653;08/15/22 01:45:00;;0;25,60115972;80,95736458;21,54459028;0,039930556;0,626736111;188,5104167;20;PL002;10;0;0,,,,,,,,,
654;08/15/22 01:50:00;;0;25,60115972;80,95736458;21,54459028;0,039930556;0,626736111;188,5104167;21;PL003;1;0;0,,,,,,,,,
655;08/15/22 01:55:00;;0;25,60115972;80,95736458;21,54459028;0,039930556;0,626736111;188,5104167;22;PL003;2;0;0,,,,,,,,,
656;08/15/22 02:00:00;;0;25,60115972;80,95736458;21,54459028;0,039930556;0,626736111;188,5104167;23;PL003;3;0;0,,,,,,,,,
657;08/15/22 02:05:00;;0;25,60115972;80,95736458;21,54459028;0,039930556;0,626736111;188,5104167;24;PL003;4;0;0,,,,,,,,,
658;08/15/22 02:10:00;;0;25,60115972;80,95736458;21,54459028;0,039930556;0,626736111;188,5104167;25;PL003;5;0;0,,,,,,,,,
659;08/15/22 02:15:00;;0;25,60115972;80,95736458;21,54459028;0,039930556;0,626736111;188,5104167;26;PL003;6;0;0,,,,,,,,,
660;08/15/22 02:20:00;;0;25,60115972;80,95736458;21,54459028;0,039930556;0,626736111;188,5104167;27;PL003;7;0;0,,,,,,,,,
661;08/15/22 02:25:00;;0;25,60115972;80,95736458;21,54459028;0,039930556;0,626736111;188,5104167;28;PL003;8;0;0,,,,,,,,,
662;08/15/22 02:30:00;;0;25,60115972;80,95736458;21,54459028;0,039930556;0,626736111;188,5104167;29;PL003;9;1;70,,,,,,,,,
663;08/15/22 02:35:00;;0;25,60115972;80,95736458;21,54459028;0,039930556;0,626736111;188,5104167;30;PL003;10;0;0,,,,,,,,,
664;08/15/22 02:40:00;;0;25,60115972;80,95736458;21,54459028;0,039930556;0,626736111;188,5104167;31;PL004;1;0;0,,,,,,,,,
665;08/15/22 02:45:00;;0;25,60115972;80,95736458;21,54459028;0,039930556;0,626736111;188,5104167;32;PL004;2;0;0,,,,,,,,,
666;08/15/22 02:50:00;;0;25,60115972;80,95736458;21,54459028;0,039930556;0,626736111;188,5104167;33;PL004;3;0;0,,,,,,,,,
667;08/15/22 02:55:00;;0;25,60115972;80,95736458;21,54459028;0,039930556;0,626736111;188,5104167;34;PL004;4;0;0,,,,,,,,,
668;08/15/22 03:00:00;;0;25,60115972;80,95736458;21,54459028;0,039930556;0,626736111;188,5104167;35;PL004;5;1;70,,,,,,,,,
669;08/15/22 03:05:00;;0;25,60115972;80,95736458;21,54459028;0,039930556;0,626736111;188,5104167;36;PL004;6;0;0,,,,,,,,,
670;08/15/22 03:10:00;;0;25,60115972;80,95736458;21,54459028;0,039930556;0,626736111;188,5104167;37;PL004;7;0;0,,,,,,,,,
671;08/15/22 03:15:00;;0;25,60115972;80,95736458;21,54459028;0,039930556;0,626736111;188,5104167;38;PL004;8;0;0,,,,,,,,,
672;08/15/22 03:20:00;;0;25,60115972;80,95736458;21,54459028;0,039930556;0,626736111;188,5104167;39;PL004;9;0;0,,,,,,,,,
673;08/15/22 03:25:00;;0;25,60115972;80,95736458;21,54459028;0,039930556;0,626736111;188,5104167;40;PL004;10;0;0,,,,,,,,,
674;08/15/22 03:30:00;;0;25,60115972;80,95736458;21,54459028;0,039930556;0,626736111;188,5104167;41;PL005;1;0;0,,,,,,,,,
675;08/15/22 03:35:00;;0;25,60115972;80,95736458;21,54459028;0,039930556;0,626736111;188,5104167;42;PL005;2;0;0,,,,,,,,,
676;08/15/22 03:40:00;;0;25,60115972;80,95736458;21,54459028;0,039930556;0,626736111;188,5104167;43;PL005;3;1;40,,,,,,,,,
677;08/15/22 03:45:00;;0;25,60115972;80,95736458;21,54459028;0,039930556;0,626736111;188,5104167;44;PL005;4;0;0,,,,,,,,,
678;08/15/22 03:50:00;;0;25,60115972;80,95736458;21,54459028;0,039930556;0,626736111;188,5104167;45;PL005;5;0;0,,,,,,,,,
679;08/15/22 03:55:00;;0;25,60115972;80,95736458;21,54459028;0,039930556;0,626736111;188,5104167;46;PL005;6;0;0,,,,,,,,,
680;08/15/22 04:00:00;;0;25,60115972;80,95736458;21,54459028;0,039930556;0,626736111;188,5104167;47;PL005;7;1;60,,,,,,,,,
681;08/15/22 04:05:00;;0;25,60115972;80,95736458;21,54459028;0,039930556;0,626736111;188,5104167;48;PL005;8;0;0,,,,,,,,,
682;08/15/22 04:10:00;;0;25,60115972;80,95736458;21,54459028;0,039930556;0,626736111;188,5104167;49;PL005;9;1;70,,,,,,,,,
683;08/15/22 04:15:00;;0;25,60115972;80,95736458;21,54459028;0,039930556;0,626736111;188,5104167;50;PL005;10;0;0,,,,,,,,,
684;08/15/22 04:20:00;;0;25,60115972;80,95736458;21,54459028;0,039930556;0,626736111;188,5104167;51;PL006;1;0;0,,,,,,,,,
685;08/15/22 04:25:00;;0;25,60115972;80,95736458;21,54459028;0,039930556;0,626736111;188,5104167;52;PL006;2;0;0,,,,,,,,,
686;08/15/22 04:30:00;;0;25,60115972;80,95736458;21,54459028;0,039930556;0,626736111;188,5104167;53;PL006;3;0;0,,,,,,,,,
687;08/15/22 04:35:00;;0;25,60115972;80,95736458;21,54459028;0,039930556;0,626736111;188,5104167;54;PL006;4;0;0,,,,,,,,,
688;08/15/22 04:40:00;;0;25,60115972;80,95736458;21,54459028;0,039930556;0,626736111;188,5104167;55;PL006;5;0;0,,,,,,,,,
689;08/15/22 04:45:00;;0;25,60115972;80,95736458;21,54459028;0,039930556;0,626736111;188,5104167;56;PL006;6;0;0,,,,,,,,,
690;08/15/22 04:50:00;;0;25,60115972;80,95736458;21,54459028;0,039930556;0,626736111;188,5104167;57;PL006;7;0;0,,,,,,,,,
691;08/15/22 04:55:00;;0;25,60115972;80,95736458;21,54459028;0,039930556;0,626736111;188,5104167;58;PL006;8;0;0,,,,,,,,,
692;08/15/22 05:00:00;;0;25,60115972;80,95736458;21,54459028;0,039930556;0,626736111;188,5104167;59;PL006;9;1;40,,,,,,,,,
693;08/15/22 05:05:00;;0;25,60115972;80,95736458;21,54459028;0,039930556;0,626736111;188,5104167;60;PL006;10;1;30,,,,,,,,,
694;08/15/22 05:10:00;;0;25,60115972;80,95736458;21,54459028;0,039930556;0,626736111;188,5104167;61;PL007;1;0;0,,,,,,,,,
695;08/15/22 05:15:00;;0;25,60115972;80,95736458;21,54459028;0,039930556;0,626736111;188,5104167;62;PL007;2;0;0,,,,,,,,,
696;08/15/22 05:20:00;;0;25,60115972;80,95736458;21,54459028;0,039930556;0,626736111;188,5104167;63;PL007;3;0;0,,,,,,,,,
697;08/15/22 05:25:00;;0;25,60115972;80,95736458;21,54459028;0,039930556;0,626736111;188,5104167;64;PL007;4;0;0,,,,,,,,,
698;08/15/22 05:30:00;;0;25,60115972;80,95736458;21,54459028;0,039930556;0,626736111;188,5104167;65;PL007;5;0;0,,,,,,,,,
699;08/15/22 05:35:00;;0;25,60115972;80,95736458;21,54459028;0,039930556;0,626736111;188,5104167;66;PL007;6;0;0,,,,,,,,,
700;08/15/22 05:40:00;;0;25,60115972;80,95736458;21,54459028;0,039930556;0,626736111;188,5104167;67;PL007;7;0;0,,,,,,,,,
701;08/15/22 05:45:00;;0;25,60115972;80,95736458;21,54459028;0,039930556;0,626736111;188,5104167;68;PL007;8;0;0,,,,,,,,,
702;08/15/22 05:50:00;;0;25,60115972;80,95736458;21,54459028;0,039930556;0,626736111;188,5104167;69;PL007;9;0;0,,,,,,,,,
703;08/15/22 05:55:00;;0;25,60115972;80,95736458;21,54459028;0,039930556;0,626736111;188,5104167;70;PL007;10;0;0,,,,,,,,,
704;08/15/22 06:00:00;;0;25,60115972;80,95736458;21,54459028;0,039930556;0,626736111;188,5104167;71;PL008;1;0;0,,,,,,,,,
705;08/15/22 06:05:00;;0;25,60115972;80,95736458;21,54459028;0,039930556;0,626736111;188,5104167;72;PL008;2;0;0,,,,,,,,,
706;08/15/22 06:10:00;;0;25,60115972;80,95736458;21,54459028;0,039930556;0,626736111;188,5104167;73;PL008;3;1;50,,,,,,,,,
707;08/15/22 06:15:00;;0;25,60115972;80,95736458;21,54459028;0,039930556;0,626736111;188,5104167;74;PL008;4;0;0,,,,,,,,,
708;08/15/22 06:20:00;;0;25,60115972;80,95736458;21,54459028;0,039930556;0,626736111;188,5104167;75;PL008;5;0;0,,,,,,,,,
709;08/15/22 06:25:00;;0;25,60115972;80,95736458;21,54459028;0,039930556;0,626736111;188,5104167;76;PL008;6;0;0,,,,,,,,,
710;08/15/22 06:30:00;;0;25,60115972;80,95736458;21,54459028;0,039930556;0,626736111;188,5104167;77;PL008;7;0;0,,,,,,,,,
711;08/15/22 06:35:00;;0;25,60115972;80,95736458;21,54459028;0,039930556;0,626736111;188,5104167;78;PL008;8;0;0,,,,,,,,,
712;08/15/22 06:40:00;;0;25,60115972;80,95736458;21,54459028;0,039930556;0,626736111;188,5104167;79;PL008;9;0;0,,,,,,,,,
713;08/15/22 06:45:00;;0;25,60115972;80,95736458;21,54459028;0,039930556;0,626736111;188,5104167;80;PL008;10;0;0,,,,,,,,,
714;08/15/22 06:50:00;;0;25,60115972;80,95736458;21,54459028;0,039930556;0,626736111;188,5104167;81;PL009;1;0;0,,,,,,,,,
715;08/15/22 06:55:00;;0;25,60115972;80,95736458;21,54459028;0,039930556;0,626736111;188,5104167;82;PL009;2;0;0,,,,,,,,,
716;08/15/22 07:00:00;;0;25,60115972;80,95736458;21,54459028;0,039930556;0,626736111;188,5104167;83;PL009;3;0;0,,,,,,,,,
717;08/15/22 07:05:00;;0;25,60115972;80,95736458;21,54459028;0,039930556;0,626736111;188,5104167;84;PL009;4;0;0,,,,,,,,,
718;08/15/22 07:10:00;;0;25,60115972;80,95736458;21,54459028;0,039930556;0,626736111;188,5104167;85;PL009;5;0;0,,,,,,,,,
719;08/15/22 07:15:00;;0;25,60115972;80,95736458;21,54459028;0,039930556;0,626736111;188,5104167;86;PL009;6;0;0,,,,,,,,,
720;08/15/22 07:20:00;;0;25,60115972;80,95736458;21,54459028;0,039930556;0,626736111;188,5104167;87;PL009;7;0;0,,,,,,,,,
721;08/15/22 07:25:00;;0;25,60115972;80,95736458;21,54459028;0,039930556;0,626736111;188,5104167;88;PL009;8;0;0,,,,,,,,,
722;08/15/22 07:30:00;;0;25,60115972;80,95736458;21,54459028;0,039930556;0,626736111;188,5104167;89;PL009;9;1;40,,,,,,,,,
723;08/15/22 07:35:00;;0;25,60115972;80,95736458;21,54459028;0,039930556;0,626736111;188,5104167;90;PL009;10;0;0,,,,,,,,,
724;08/15/22 07:40:00;;0;25,60115972;80,95736458;21,54459028;0,039930556;0,626736111;188,5104167;91;PL010;1;0;0,,,,,,,,,
725;08/15/22 07:45:00;;0;25,60115972;80,95736458;21,54459028;0,039930556;0,626736111;188,5104167;92;PL010;2;0;0,,,,,,,,,
726;08/15/22 07:50:00;;0;25,60115972;80,95736458;21,54459028;0,039930556;0,626736111;188,5104167;93;PL010;3;0;0,,,,,,,,,
727;08/15/22 07:55:00;;0;25,60115972;80,95736458;21,54459028;0,039930556;0,626736111;188,5104167;94;PL010;4;0;0,,,,,,,,,
728;08/15/22 08:00:00;;0;25,60115972;80,95736458;21,54459028;0,039930556;0,626736111;188,5104167;95;PL010;5;0;0,,,,,,,,,
729;08/15/22 08:05:00;;0;25,60115972;80,95736458;21,54459028;0,039930556;0,626736111;188,5104167;96;PL010;6;0;0,,,,,,,,,
730;08/15/22 08:10:00;;0;25,60115972;80,95736458;21,54459028;0,039930556;0,626736111;188,5104167;97;PL010;7;0;0,,,,,,,,,
731;08/15/22 08:15:00;;0;25,60115972;80,95736458;21,54459028;0,039930556;0,626736111;188,5104167;98;PL010;8;1;65,,,,,,,,,
732;08/15/22 08:20:00;;0;25,60115972;80,95736458;21,54459028;0,039930556;0,626736111;188,5104167;99;PL010;9;0;0,,,,,,,,,
733;08/15/22 08:25:00;;0;25,60115972;80,95736458;21,54459028;0,039930556;0,626736111;188,5104167;100;PL010;10;0;0,,,,,,,,,
,69477431;79,28651389;19,08063889;0,192708333;0,90625;165,1666667;1;PL001;1;0;0,,,,,,,,,2936;08/23/22 00:00:00;0;23
,69477431;79,28651389;19,08063889;0,192708333;0,90625;165,1666667;2;PL001;2;0;0,,,,,,,,,2937;08/23/22 00:05:00;0;23
,69477431;79,28651389;19,08063889;0,192708333;0,90625;165,1666667;3;PL001;3;1;10,,,,,,,,,2938;08/23/22 00:10:00;0;23
,69477431;79,28651389;19,08063889;0,192708333;0,90625;165,1666667;4;PL001;4;0;0,,,,,,,,,2939;08/23/22 00:15:00;0;23
,69477431;79,28651389;19,08063889;0,192708333;0,90625;165,1666667;5;PL001;5;0;0,,,,,,,,,2940;08/23/22 00:20:00;0;23
,69477431;79,28651389;19,08063889;0,192708333;0,90625;165,1666667;6;PL001;6;0;0,,,,,,,,,2941;08/23/22 00:25:00;0;23
,69477431;79,28651389;19,08063889;0,192708333;0,90625;165,1666667;7;PL001;7;0;0,,,,,,,,,2942;08/23/22 00:30:00;0;23
,69477431;79,28651389;19,08063889;0,192708333;0,90625;165,1666667;8;PL001;8;0;0,,,,,,,,,2943;08/23/22 00:35:00;0;23
,69477431;79,28651389;19,08063889;0,192708333;0,90625;165,1666667;9;PL001;9;1;90,,,,,,,,,2944;08/23/22 00:40:00;0;23
,69477431;79,28651389;19,08063889;0,192708333;0,90625;165,1666667;10;PL001;10;0;0,,,,,,,,,2945;08/23/22 00:45:00;0;23
,69477431;79,28651389;19,08063889;0,192708333;0,90625;165,1666667;11;PL002;1;0;0,,,,,,,,,2946;08/23/22 00:50:00;0;23
,69477431;79,28651389;19,08063889;0,192708333;0,90625;165,1666667;12;PL002;2;0;0,,,,,,,,,2947;08/23/22 00:55:00;0;23
,69477431;79,28651389;19,08063889;0,192708333;0,90625;165,1666667;13;PL002;3;0;0,,,,,,,,,2948;08/23/22 01:00:00;0;23
,69477431;79,28651389;19,08063889;0,192708333;0,90625;165,1666667;14;PL002;4;1;100,,,,,,,,,2949;08/23/22 01:05:00;0;23
,69477431;79,28651389;19,08063889;0,192708333;0,90625;165,1666667;15;PL002;5;0;0,,,,,,,,,2950;08/23/22 01:10:00;0;23
,69477431;79,28651389;19,08063889;0,192708333;0,90625;165,1666667;16;PL002;6;1;80,,,,,,,,,2951;08/23/22 01:15:00;0;23
,69477431;79,28651389;19,08063889;0,192708333;0,90625;165,1666667;17;PL002;7;1;100,,,,,,,,,2952;08/23/22 01:20:00;0;23
,69477431;79,28651389;19,08063889;0,192708333;0,90625;165,1666667;18;PL002;8;0;0,,,,,,,,,2953;08/23/22 01:25:00;0;23
,69477431;79,28651389;19,08063889;0,192708333;0,90625;165,1666667;19;PL002;9;0;0,,,,,,,,,2954;08/23/22 01:30:00;0;23
,69477431;79,28651389;19,08063889;0,192708333;0,90625;165,1666667;20;PL002;10;0;0,,,,,,,,,2955;08/23/22 01:35:00;0;23
,69477431;79,28651389;19,08063889;0,192708333;0,90625;165,1666667;21;PL003;1;0;0,,,,,,,,,2956;08/23/22 01:40:00;0;23
,69477431;79,28651389;19,08063889;0,192708333;0,90625;165,1666667;22;PL003;2;0;0,,,,,,,,,2957;08/23/22 01:45:00;0;23
,69477431;79,28651389;19,08063889;0,192708333;0,90625;165,1666667;23;PL003;3;0;0,,,,,,,,,2958;08/23/22 01:50:00;0;23
,69477431;79,28651389;19,08063889;0,192708333;0,90625;165,1666667;24;PL003;4;0;0,,,,,,,,,2959;08/23/22 01:55:00;0;23
,69477431;79,28651389;19,08063889;0,192708333;0,90625;165,1666667;25;PL003;5;0;0,,,,,,,,,2960;08/23/22 02:00:00;0;23
,69477431;79,28651389;19,08063889;0,192708333;0,90625;165,1666667;26;PL003;6;0;0,,,,,,,,,2961;08/23/22 02:05:00;0;23
,69477431;79,28651389;19,08063889;0,192708333;0,90625;165,1666667;27;PL003;7;1;50,,,,,,,,,2962;08/23/22 02:10:00;0;23
,69477431;79,28651389;19,08063889;0,192708333;0,90625;165,1666667;28;PL003;8;0;0,,,,,,,,,2963;08/23/22 02:15:00;0;23
,69477431;79,28651389;19,08063889;0,192708333;0,90625;165,1666667;29;PL003;9;0;0,,,,,,,,,2964;08/23/22 02:20:00;0;23
,69477431;79,28651389;19,08063889;0,192708333;0,90625;165,1666667;30;PL003;10;1;100,,,,,,,,,2965;08/23/22 02:25:00;0;23
,69477431;79,28651389;19,08063889;0,192708333;0,90625;165,1666667;31;PL004;1;0;0,,,,,,,,,2966;08/23/22 02:30:00;0;23
,69477431;79,28651389;19,08063889;0,192708333;0,90625;165,1666667;32;PL004;2;0;0,,,,,,,,,2967;08/23/22 02:35:00;0;23
,69477431;79,28651389;19,08063889;0,192708333;0,90625;165,1666667;33;PL004;3;0;0,,,,,,,,,2968;08/23/22 02:40:00;0;23
,69477431;79,28651389;19,08063889;0,192708333;0,90625;165,1666667;34;PL004;4;0;0,,,,,,,,,2969;08/23/22 02:45:00;0;23
,69477431;79,28651389;19,08063889;0,192708333;0,90625;165,1666667;35;PL004;5;1;80,,,,,,,,,2970;08/23/22 02:50:00;0;23
,69477431;79,28651389;19,08063889;0,192708333;0,90625;165,1666667;36;PL004;6;0;0,,,,,,,,,2971;08/23/22 02:55:00;0;23
,69477431;79,28651389;19,08063889;0,192708333;0,90625;165,1666667;37;PL004;7;0;0,,,,,,,,,2972;08/23/22 03:00:00;0;23
,69477431;79,28651389;19,08063889;0,192708333;0,90625;165,1666667;38;PL004;8;0;0,,,,,,,,,2973;08/23/22 03:05:00;0;23
,69477431;79,28651389;19,08063889;0,192708333;0,90625;165,1666667;39;PL004;9;0;0,,,,,,,,,2974;08/23/22 03:10:00;0;23
,69477431;79,28651389;19,08063889;0,192708333;0,90625;165,1666667;40;PL004;10;1;100,,,,,,,,,2975;08/23/22 03:15:00;0;23
,69477431;79,28651389;19,08063889;0,192708333;0,90625;165,1666667;41;PL005;1;0;0,,,,,,,,,2976;08/23/22 03:20:00;0;23
,69477431;79,28651389;19,08063889;0,192708333;0,90625;165,1666667;42;PL005;2;0;0,,,,,,,,,2977;08/23/22 03:25:00;0;23
,69477431;79,28651389;19,08063889;0,192708333;0,90625;165,1666667;43;PL005;3;0;0,,,,,,,,,2978;08/23/22 03:30:00;0;23
,69477431;79,28651389;19,08063889;0,192708333;0,90625;165,1666667;44;PL005;4;0;0,,,,,,,,,2979;08/23/22 03:35:00;0;23
,69477431;79,28651389;19,08063889;0,192708333;0,90625;165,1666667;45;PL005;5;1;80,,,,,,,,,2980;08/23/22 03:40:00;0;23
,69477431;79,28651389;19,08063889;0,192708333;0,90625;165,1666667;46;PL005;6;0;0,,,,,,,,,2981;08/23/22 03:45:00;0;23
,69477431;79,28651389;19,08063889;0,192708333;0,90625;165,1666667;47;PL005;7;0;0,,,,,,,,,2982;08/23/22 03:50:00;0;23
,69477431;79,28651389;19,08063889;0,192708333;0,90625;165,1666667;48;PL005;8;0;0,,,,,,,,,2983;08/23/22 03:55:00;0;23
,69477431;79,28651389;19,08063889;0,192708333;0,90625;165,1666667;49;PL005;9;0;0,,,,,,,,,2984;08/23/22 04:00:00;0;23
,69477431;79,28651389;19,08063889;0,192708333;0,90625;165,1666667;50;PL005;10;0;0,,,,,,,,,2985;08/23/22 04:05:00;0;23
,69477431;79,28651389;19,08063889;0,192708333;0,90625;165,1666667;51;PL006;1;0;0,,,,,,,,,2986;08/23/22 04:10:00;0;23
,69477431;79,28651389;19,08063889;0,192708333;0,90625;165,1666667;52;PL006;2;0;0,,,,,,,,,2987;08/23/22 04:15:00;0;23
,69477431;79,28651389;19,08063889;0,192708333;0,90625;165,1666667;53;PL006;3;0;0,,,,,,,,,2988;08/23/22 04:20:00;0;23
,69477431;79,28651389;19,08063889;0,192708333;0,90625;165,1666667;54;PL006;4;0;0,,,,,,,,,2989;08/23/22 04:25:00;0;23
,69477431;79,28651389;19,08063889;0,192708333;0,90625;165,1666667;55;PL006;5;0;0,,,,,,,,,2990;08/23/22 04:30:00;0;23
,69477431;79,28651389;19,08063889;0,192708333;0,90625;165,1666667;56;PL006;6;0;0,,,,,,,,,2991;08/23/22 04:35:00;0;23
,69477431;79,28651389;19,08063889;0,192708333;0,90625;165,1666667;57;PL006;7;0;0,,,,,,,,,2992;08/23/22 04:40:00;0;23
,69477431;79,28651389;19,08063889;0,192708333;0,90625;165,1666667;58;PL006;8;0;0,,,,,,,,,2993;08/23/22 04:45:00;0;23
,69477431;79,28651389;19,08063889;0,192708333;0,90625;165,1666667;59;PL006;9;0;0,,,,,,,,,2994;08/23/22 04:50:00;0;23
,69477431;79,28651389;19,08063889;0,192708333;0,90625;165,1666667;60;PL006;10;0;0,,,,,,,,,2995;08/23/22 04:55:00;0;23
,69477431;79,28651389;19,08063889;0,192708333;0,90625;165,1666667;61;PL007;1;0;0,,,,,,,,,2996;08/23/22 05:00:00;0;23
,69477431;79,28651389;19,08063889;0,192708333;0,90625;165,1666667;62;PL007;2;0;0,,,,,,,,,2997;08/23/22 05:05:00;0;23
,69477431;79,28651389;19,08063889;0,192708333;0,90625;165,1666667;63;PL007;3;0;0,,,,,,,,,2998;08/23/22 05:10:00;0;23
,69477431;79,28651389;19,08063889;0,192708333;0,90625;165,1666667;64;PL007;4;0;0,,,,,,,,,2999;08/23/22 05:15:00;0;23
,69477431;79,28651389;19,08063889;0,192708333;0,90625;165,1666667;65;PL007;5;0;0,,,,,,,,,3000;08/23/22 05:20:00;0;23
,69477431;79,28651389;19,08063889;0,192708333;0,90625;165,1666667;66;PL007;6;0;0,,,,,,,,,3001;08/23/22 05:25:00;0;23
,69477431;79,28651389;19,08063889;0,192708333;0,90625;165,1666667;67;PL007;7;0;0,,,,,,,,,3002;08/23/22 05:30:00;0;23
,69477431;79,28651389;19,08063889;0,192708333;0,90625;165,1666667;68;PL007;8;0;0,,,,,,,,,3003;08/23/22 05:35:00;0;23
,69477431;79,28651389;19,08063889;0,192708333;0,90625;165,1666667;69;PL007;9;0;0,,,,,,,,,3004;08/23/22 05:40:00;0;23
,69477431;79,28651389;19,08063889;0,192708333;0,90625;165,1666667;70;PL007;10;0;0,,,,,,,,,3005;08/23/22 05:45:00;0;23
,69477431;79,28651389;19,08063889;0,192708333;0,90625;165,1666667;71;PL008;1;0;0,,,,,,,,,3006;08/23/22 05:50:00;0;23
,69477431;79,28651389;19,08063889;0,192708333;0,90625;165,1666667;72;PL008;2;0;0,,,,,,,,,3007;08/23/22 05:55:00;0;23
,69477431;79,28651389;19,08063889;0,192708333;0,90625;165,1666667;73;PL008;3;0;0,,,,,,,,,3008;08/23/22 06:00:00;0;23
,69477431;79,28651389;19,08063889;0,192708333;0,90625;165,1666667;74;PL008;4;0;0,,,,,,,,,3009;08/23/22 06:05:00;0;23
,69477431;79,28651389;19,08063889;0,192708333;0,90625;165,1666667;75;PL008;5;0;0,,,,,,,,,3010;08/23/22 06:10:00;0;23
,69477431;79,28651389;19,08063889;0,192708333;0,90625;165,1666667;76;PL008;6;0;0,,,,,,,,,3011;08/23/22 06:15:00;0;23
,69477431;79,28651389;19,08063889;0,192708333;0,90625;165,1666667;77;PL008;7;0;0,,,,,,,,,3012;08/23/22 06:20:00;0;23
,69477431;79,28651389;19,08063889;0,192708333;0,90625;165,1666667;78;PL008;8;0;0,,,,,,,,,3013;08/23/22 06:25:00;0;23
,69477431;79,28651389;19,08063889;0,192708333;0,90625;165,1666667;79;PL008;9;0;0,,,,,,,,,3014;08/23/22 06:30:00;0;23
,69477431;79,28651389;19,08063889;0,192708333;0,90625;165,1666667;80;PL008;10;0;0,,,,,,,,,3015;08/23/22 06:35:00;0;23
,69477431;79,28651389;19,08063889;0,192708333;0,90625;165,1666667;81;PL009;1;0;0,,,,,,,,,3016;08/23/22 06:40:00;0;23
,69477431;79,28651389;19,08063889;0,192708333;0,90625;165,1666667;82;PL009;2;0;0,,,,,,,,,3017;08/23/22 06:45:00;0;23
,69477431;79,28651389;19,08063889;0,192708333;0,90625;165,1666667;83;PL009;3;0;0,,,,,,,,,3018;08/23/22 06:50:00;0;23
,69477431;79,28651389;19,08063889;0,192708333;0,90625;165,1666667;84;PL009;4;1;100,,,,,,,,,3019;08/23/22 06:55:00;0;23
,69477431;79,28651389;19,08063889;0,192708333;0,90625;165,1666667;85;PL009;5;0;0,,,,,,,,,3020;08/23/22 07:00:00;0;23
,69477431;79,28651389;19,08063889;0,192708333;0,90625;165,1666667;86;PL009;6;1;75,,,,,,,,,3021;08/23/22 07:05:00;0;23
,69477431;79,28651389;19,08063889;0,192708333;0,90625;165,1666667;87;PL009;7;1;30,,,,,,,,,3022;08/23/22 07:10:00;0;23
,69477431;79,28651389;19,08063889;0,192708333;0,90625;165,1666667;88;PL009;8;1;100,,,,,,,,,3023;08/23/22 07:15:00;0;23
,69477431;79,28651389;19,08063889;0,192708333;0,90625;165,1666667;89;PL009;9;0;0,,,,,,,,,3024;08/23/22 07:20:00;0;23
,69477431;79,28651389;19,08063889;0,192708333;0,90625;165,1666667;90;PL009;10;0;0,,,,,,,,,3025;08/23/22 07:25:00;0;23
,69477431;79,28651389;19,08063889;0,192708333;0,90625;165,1666667;91;PL010;1;0;0,,,,,,,,,3026;08/23/22 07:30:00;0;23
,69477431;79,28651389;19,08063889;0,192708333;0,90625;165,1666667;92;PL010;2;0;0,,,,,,,,,3027;08/23/22 07:35:00;0;23
,69477431;79,28651389;19,08063889;0,192708333;0,90625;165,1666667;93;PL010;3;0;0,,,,,,,,,3028;08/23/22 07:40:00;0;23
,69477431;79,28651389;19,08063889;0,192708333;0,90625;165,1666667;94;PL010;4;0;0,,,,,,,,,3029;08/23/22 07:45:00;0;23
,69477431;79,28651389;19,08063889;0,192708333;0,90625;165,1666667;95;PL010;5;0;0,,,,,,,,,3030;08/23/22 07:50:00;0;23
,69477431;79,28651389;19,08063889;0,192708333;0,90625;165,1666667;96;PL010;6;0;0,,,,,,,,,3031;08/23/22 07:55:00;0;23
,69477431;79,28651389;19,08063889;0,192708333;0,90625;165,1666667;97;PL010;7;0;0,,,,,,,,,3032;08/23/22 08:00:00;0;23
,69477431;79,28651389;19,08063889;0,192708333;0,90625;165,1666667;98;PL010;8;0;0,,,,,,,,,3033;08/23/22 08:05:00;0;23
,69477431;79,28651389;19,08063889;0,192708333;0,90625;165,1666667;99;PL010;9;0;0,,,,,,,,,3034;08/23/22 08:10:00;0;23
,69477431;79,28651389;19,08063889;0,192708333;0,90625;165,1666667;100;PL010;10;0;0,,,,,,,,,3035;08/23/22 08:15:00;0;23
,,,,,,,,,,,,,,,3036;08/23/22 08:20:00;;;;;;;;;;;;
,,,,,,,,,,,,,,,3037;08/23/22 08:25:00;;;;;;;;;;;;
,,,,,,,,,,,,,,,;;;;;;;;;;;;;
,,,,,,,,,,,,,,,;;;;;;;;;;;;;
,,,,,,,,,,,,,,,;;;;;;;;;;;;;
,,,,,,,,,,,,,,,;;;;;;;;;;;;;
,,,,,,,,,,,,,,,;;;;;;;;;;;;;
,,,,,,,,,,,,,,,;;;;;;;;;;;;;
